Workbook

Sheet Listing PT
A1: ID | B1: X | C1: Y | D1: Nom | E1: Mer | F1: Effet | G1: Owner | H1: Effet réduit | I1: Type | J1: Tier | K1: Distance GT | L1: BBcode | M1: Zone | N1: Dif X | O1: Dif Y
A2: 71 | B2: 492 | C2: 314 | D2: Gela | E2: 43 | F2: Reduire toutes les durees de recrutement d'unites navales de 4.5% | H2: =VLOOKUP(F2,'Listing Effets'!$A$2:$E$341,5,False) -> #REF! | I2: =VLOOKUP(F2,'Listing Effets'!$A$2:$D$101,2,FALSE) -> #REF! | J2: =VLOOKUP(F2,'Listing Effets'!$A$2:$D$101,3,FALSE) -> #REF! | K2: =ABS(SQRT((C2-500)^2+(B2-500)^2)-Calculs!$C$6) -> #REF! | L2: =CONCAT(CONCAT("[temple]",A2),"[/temple]") -> [temple]71[/temple] | M2: =IF(ABS(SQRT((C2-500)^2+(B2-500)^2))<Calculs!$C$7,"Inté",IF(K2>Calculs!$C$8,"Exté",IF(AND(N2<=0,O2<=0),"Nord-Ouest",IF(AND(N2<=0,O2>=0),"Sud-Ouest",IF(AND(N2>=0,O2<=0),"Nord-Est",IF(AND(N2>=0,O2>=0),"Sud-Est","Probleme")))))) -> #REF! | N2: =B2-500 -> -8 | O2: =C2-500 -> -186
A3: 77 | B3: 418 | C3: 666 | D3: Helike | E3: 46 | F3: Augmente la production de bois, de pierre et d'argent de 10% | H3: =VLOOKUP(F3,'Listing Effets'!$A$2:$E$341,5,False) -> #REF! | I3: =VLOOKUP(F3,'Listing Effets'!$A$2:$D$101,2,FALSE) -> #REF! | J3: =VLOOKUP(F3,'Listing Effets'!$A$2:$D$101,3,FALSE) -> #REF! | K3: =ABS(SQRT((C3-500)^2+(B3-500)^2)-Calculs!$C$6) -> #REF! | L3: =CONCAT(CONCAT("[temple]",A3),"[/temple]") -> [temple]77[/temple] | M3: =IF(ABS(SQRT((C3-500)^2+(B3-500)^2))<Calculs!$C$7,"Inté",IF(K3>Calculs!$C$8,"Exté",IF(AND(N3<=0,O3<=0),"Nord-Ouest",IF(AND(N3<=0,O3>=0),"Sud-Ouest",IF(AND(N3>=0,O3<=0),"Nord-Est",IF(AND(N3>=0,O3>=0),"Sud-Est","Probleme")))))) -> #REF! | N3: =B3-500 -> -82 | O3: =C3-500 -> 166
A4: 78 | B4: 319 | C4: 449 | D4: Kallithea | E4: 34 | F4: Augmente la valeur defensive de toutes les unites de 2% | H4: =VLOOKUP(F4,'Listing Effets'!$A$2:$E$341,5,False) -> #REF! | I4: =VLOOKUP(F4,'Listing Effets'!$A$2:$D$101,2,FALSE) -> #REF! | J4: =VLOOKUP(F4,'Listing Effets'!$A$2:$D$101,3,FALSE) -> #REF! | K4: =ABS(SQRT((C4-500)^2+(B4-500)^2)-Calculs!$C$6) -> #REF! | L4: =CONCAT(CONCAT("[temple]",A4),"[/temple]") -> [temple]78[/temple] | M4: =IF(ABS(SQRT((C4-500)^2+(B4-500)^2))<Calculs!$C$7,"Inté",IF(K4>Calculs!$C$8,"Exté",IF(AND(N4<=0,O4<=0),"Nord-Ouest",IF(AND(N4<=0,O4>=0),"Sud-Ouest",IF(AND(N4>=0,O4<=0),"Nord-Est",IF(AND(N4>=0,O4>=0),"Sud-Est","Probleme")))))) -> #REF! | N4: =B4-500 -> -181 | O4: =C4-500 -> -51
A5: 79 | B5: 516 | C5: 682 | D5: Artemita | E5: 56 | F5: Reduire tous les couts de recrutement d'unites navales de 6% | H5: =VLOOKUP(F5,'Listing Effets'!$A$2:$E$341,5,False) -> #REF! | I5: =VLOOKUP(F5,'Listing Effets'!$A$2:$D$101,2,FALSE) -> #REF! | J5: =VLOOKUP(F5,'Listing Effets'!$A$2:$D$101,3,FALSE) -> #REF! | K5: =ABS(SQRT((C5-500)^2+(B5-500)^2)-Calculs!$C$6) -> #REF! | L5: =CONCAT(CONCAT("[temple]",A5),"[/temple]") -> [temple]79[/temple] | M5: =IF(ABS(SQRT((C5-500)^2+(B5-500)^2))<Calculs!$C$7,"Inté",IF(K5>Calculs!$C$8,"Exté",IF(AND(N5<=0,O5<=0),"Nord-Ouest",IF(AND(N5<=0,O5>=0),"Sud-Ouest",IF(AND(N5>=0,O5<=0),"Nord-Est",IF(AND(N5>=0,O5>=0),"Sud-Est","Probleme")))))) -> #REF! | N5: =B5-500 -> 16 | O5: =C5-500 -> 182
A6: 68 | B6: 606 | C6: 648 | D6: Itanos | E6: 66 | F6: Portail vers Olympus | H6: =VLOOKUP(F6,'Listing Effets'!$A$2:$E$341,5,False) -> #REF! | I6: =VLOOKUP(F6,'Listing Effets'!$A$2:$D$101,2,FALSE) -> #REF! | J6: =VLOOKUP(F6,'Listing Effets'!$A$2:$D$101,3,FALSE) -> #REF! | K6: =ABS(SQRT((C6-500)^2+(B6-500)^2)-Calculs!$C$6) -> #REF! | L6: =CONCAT(CONCAT("[temple]",A6),"[/temple]") -> [temple]68[/temple] | M6: =IF(ABS(SQRT((C6-500)^2+(B6-500)^2))<Calculs!$C$7,"Inté",IF(K6>Calculs!$C$8,"Exté",IF(AND(N6<=0,O6<=0),"Nord-Ouest",IF(AND(N6<=0,O6>=0),"Sud-Ouest",IF(AND(N6>=0,O6<=0),"Nord-Est",IF(AND(N6>=0,O6>=0),"Sud-Est","Probleme")))))) -> #REF! | N6: =B6-500 -> 106 | O6: =C6-500 -> 148
A7: 70 | B7: 690 | C7: 486 | D7: Rizinia | E7: 64 | F7: Augmente la puissance offensive de Bateaux-feux de 8% | H7: =VLOOKUP(F7,'Listing Effets'!$A$2:$E$341,5,False) -> #REF! | I7: =VLOOKUP(F7,'Listing Effets'!$A$2:$D$101,2,FALSE) -> #REF! | J7: =VLOOKUP(F7,'Listing Effets'!$A$2:$D$101,3,FALSE) -> #REF! | K7: =ABS(SQRT((C7-500)^2+(B7-500)^2)-Calculs!$C$6) -> #REF! | L7: =CONCAT(CONCAT("[temple]",A7),"[/temple]") -> [temple]70[/temple] | M7: =IF(ABS(SQRT((C7-500)^2+(B7-500)^2))<Calculs!$C$7,"Inté",IF(K7>Calculs!$C$8,"Exté",IF(AND(N7<=0,O7<=0),"Nord-Ouest",IF(AND(N7<=0,O7>=0),"Sud-Ouest",IF(AND(N7>=0,O7<=0),"Nord-Est",IF(AND(N7>=0,O7>=0),"Sud-Est","Probleme")))))) -> #REF! | N7: =B7-500 -> 190 | O7: =C7-500 -> -14
A8: 64 | B8: 538 | C8: 677 | D8: Therma | E8: 56 | F8: Portail vers Olympus | H8: =VLOOKUP(F8,'Listing Effets'!$A$2:$E$341,5,False) -> #REF! | I8: =VLOOKUP(F8,'Listing Effets'!$A$2:$D$101,2,FALSE) -> #REF! | J8: =VLOOKUP(F8,'Listing Effets'!$A$2:$D$101,3,FALSE) -> #REF! | K8: =ABS(SQRT((C8-500)^2+(B8-500)^2)-Calculs!$C$6) -> #REF! | L8: =CONCAT(CONCAT("[temple]",A8),"[/temple]") -> [temple]64[/temple] | M8: =IF(ABS(SQRT((C8-500)^2+(B8-500)^2))<Calculs!$C$7,"Inté",IF(K8>Calculs!$C$8,"Exté",IF(AND(N8<=0,O8<=0),"Nord-Ouest",IF(AND(N8<=0,O8>=0),"Sud-Ouest",IF(AND(N8>=0,O8<=0),"Nord-Est",IF(AND(N8>=0,O8>=0),"Sud-Est","Probleme")))))) -> #REF! | N8: =B8-500 -> 38 | O8: =C8-500 -> 177
A9: 62 | B9: 680 | C9: 512 | D9: Pharsale | E9: 65 | F9: Augmente la valeur defensive de toutes les unites de 2% | H9: =VLOOKUP(F9,'Listing Effets'!$A$2:$E$341,5,False) -> #REF! | I9: =VLOOKUP(F9,'Listing Effets'!$A$2:$D$101,2,FALSE) -> #REF! | J9: =VLOOKUP(F9,'Listing Effets'!$A$2:$D$101,3,FALSE) -> #REF! | K9: =ABS(SQRT((C9-500)^2+(B9-500)^2)-Calculs!$C$6) -> #REF! | L9: =CONCAT(CONCAT("[temple]",A9),"[/temple]") -> [temple]62[/temple] | M9: =IF(ABS(SQRT((C9-500)^2+(B9-500)^2))<Calculs!$C$7,"Inté",IF(K9>Calculs!$C$8,"Exté",IF(AND(N9<=0,O9<=0),"Nord-Ouest",IF(AND(N9<=0,O9>=0),"Sud-Ouest",IF(AND(N9>=0,O9<=0),"Nord-Est",IF(AND(N9>=0,O9>=0),"Sud-Est","Probleme")))))) -> #REF! | N9: =B9-500 -> 180 | O9: =C9-500 -> 12
A10: 74 | B10: 637 | C10: 365 | D10: Iasos | E10: 63 | F10: Augmente la valeur defensive des Combattants a l'epee de 15% | H10: =VLOOKUP(F10,'Listing Effets'!$A$2:$E$341,5,False) -> #REF! | I10: =VLOOKUP(F10,'Listing Effets'!$A$2:$D$101,2,FALSE) -> #REF! | J10: =VLOOKUP(F10,'Listing Effets'!$A$2:$D$101,3,FALSE) -> #REF! | K10: =ABS(SQRT((C10-500)^2+(B10-500)^2)-Calculs!$C$6) -> #REF! | L10: =CONCAT(CONCAT("[temple]",A10),"[/temple]") -> [temple]74[/temple] | M10: =IF(ABS(SQRT((C10-500)^2+(B10-500)^2))<Calculs!$C$7,"Inté",IF(K10>Calculs!$C$8,"Exté",IF(AND(N10<=0,O10<=0),"Nord-Ouest",IF(AND(N10<=0,O10>=0),"Sud-Ouest",IF(AND(N10>=0,O10<=0),"Nord-Est",IF(AND(N10>=0,O10>=0),"Sud-Est","Probleme")))))) -> #REF! | N10: =B10-500 -> 137 | O10: =C10-500 -> -135
A11: 66 | B11: 480 | C11: 678 | D11: Gournia | E11: 46 | F11: Augmente la valeur defensive de toutes les unites de 2% | H11: =VLOOKUP(F11,'Listing Effets'!$A$2:$E$341,5,False) -> #REF! | I11: =VLOOKUP(F11,'Listing Effets'!$A$2:$D$101,2,FALSE) -> #REF! | J11: =VLOOKUP(F11,'Listing Effets'!$A$2:$D$101,3,FALSE) -> #REF! | K11: =ABS(SQRT((C11-500)^2+(B11-500)^2)-Calculs!$C$6) -> #REF! | L11: =CONCAT(CONCAT("[temple]",A11),"[/temple]") -> [temple]66[/temple] | M11: =IF(ABS(SQRT((C11-500)^2+(B11-500)^2))<Calculs!$C$7,"Inté",IF(K11>Calculs!$C$8,"Exté",IF(AND(N11<=0,O11<=0),"Nord-Ouest",IF(AND(N11<=0,O11>=0),"Sud-Ouest",IF(AND(N11>=0,O11<=0),"Nord-Est",IF(AND(N11>=0,O11>=0),"Sud-Est","Probleme")))))) -> #REF! | N11: =B11-500 -> -20 | O11: =C11-500 -> 178
A12: 54 | B12: 424 | C12: 338 | D12: Dodone | E12: 43 | F12: Augmente la production de bois, de pierre et d'argent de 10% | H12: =VLOOKUP(F12,'Listing Effets'!$A$2:$E$341,5,False) -> #REF! | I12: =VLOOKUP(F12,'Listing Effets'!$A$2:$D$101,2,FALSE) -> #REF! | J12: =VLOOKUP(F12,'Listing Effets'!$A$2:$D$101,3,FALSE) -> #REF! | K12: =ABS(SQRT((C12-500)^2+(B12-500)^2)-Calculs!$C$6) -> #REF! | L12: =CONCAT(CONCAT("[temple]",A12),"[/temple]") -> [temple]54[/temple] | M12: =IF(ABS(SQRT((C12-500)^2+(B12-500)^2))<Calculs!$C$7,"Inté",IF(K12>Calculs!$C$8,"Exté",IF(AND(N12<=0,O12<=0),"Nord-Ouest",IF(AND(N12<=0,O12>=0),"Sud-Ouest",IF(AND(N12>=0,O12<=0),"Nord-Est",IF(AND(N12>=0,O12>=0),"Sud-Est","Probleme")))))) -> #REF! | N12: =B12-500 -> -76 | O12: =C12-500 -> -162
A13: 57 | B13: 588 | C13: 345 | D13: Akrillai | E13: 53 | F13: Augmente la puissance offensive de Griffons de 8% | H13: =VLOOKUP(F13,'Listing Effets'!$A$2:$E$341,5,False) -> #REF! | I13: =VLOOKUP(F13,'Listing Effets'!$A$2:$D$101,2,FALSE) -> #REF! | J13: =VLOOKUP(F13,'Listing Effets'!$A$2:$D$101,3,FALSE) -> #REF! | K13: =ABS(SQRT((C13-500)^2+(B13-500)^2)-Calculs!$C$6) -> #REF! | L13: =CONCAT(CONCAT("[temple]",A13),"[/temple]") -> [temple]57[/temple] | M13: =IF(ABS(SQRT((C13-500)^2+(B13-500)^2))<Calculs!$C$7,"Inté",IF(K13>Calculs!$C$8,"Exté",IF(AND(N13<=0,O13<=0),"Nord-Ouest",IF(AND(N13<=0,O13>=0),"Sud-Ouest",IF(AND(N13>=0,O13<=0),"Nord-Est",IF(AND(N13>=0,O13>=0),"Sud-Est","Probleme")))))) -> #REF! | N13: =B13-500 -> 88 | O13: =C13-500 -> -155
... A151: 1 | B151: 518 | C151: 506 | D151: Philippopolis | E151: 55 | F151: Augmente la production de bois, de pierre et d'argent de 10% | H151: =VLOOKUP(F151,'Listing Effets'!$A$2:$E$341,5,False) -> #REF! | I151: =VLOOKUP(F151,'Listing Effets'!$A$2:$D$101,2,FALSE) -> #REF! | J151: =VLOOKUP(F151,'Listing Effets'!$A$2:$D$101,3,FALSE) -> #REF! | K151: =ABS(SQRT((C151-500)^2+(B151-500)^2)-Calculs!$C$6) -> #REF! | L151: =CONCAT(CONCAT("[temple]",A151),"[/temple]") -> [temple]1[/temple] | M151: =IF(ABS(SQRT((C151-500)^2+(B151-500)^2))<Calculs!$C$7,"Inté",IF(K151>Calculs!$C$8,"Exté",IF(AND(N151<=0,O151<=0),"Nord-Ouest",IF(AND(N151<=0,O151>=0),"Sud-Ouest",IF(AND(N151>=0,O151<=0),"Nord-Est",IF(AND(N151>=0,O151>=0),"Sud-Est","Probleme")))))) -> #REF! | N151: =B151-500 -> 18 | O151: =C151-500 -> 6
