Workbook

Sheet PT joués
A1: ID | B1: X | C1: Y | D1: Nom | E1: Mer | F1: Effet | G1: Owner | H1: Effet réduit | I1: Type | J1: Tier | K1: Distance GT | L1: BBcode | M1: Zone | N1: Dif X | O1: Dif Y
A2: 78 | B2: 319 | C2: 449 | D2: Kallithea | E2: 34 | F2: Augmente la valeur defensive de toutes les unites de 2% | G2: Def | H2: 2% def all | I2: =VLOOKUP(F2,'Listing Effets'!$A$2:$D$101,2,FALSE) -> #REF! | J2: =VLOOKUP(F2,'Listing Effets'!$A$2:$D$101,3,FALSE) -> #REF! | K2: =ABS(SQRT((C2-500)^2+(B2-500)^2)-Calculs!$C$6) -> #REF! | L2: =CONCAT(CONCAT("[temple]",A2),"[/temple]") -> [temple]78[/temple] | M2: =IF(ABS(SQRT((C2-500)^2+(B2-500)^2))<Calculs!$C$7,"Inté",IF(K2>Calculs!$C$8,"Exté",IF(AND(N2<=0,O2<=0),"Nord-Ouest",IF(AND(N2<=0,O2>=0),"Sud-Ouest",IF(AND(N2>=0,O2<=0),"Nord-Est",IF(AND(N2>=0,O2>=0),"Sud-Est","Probleme")))))) -> #REF! | N2: =B2-500 -> -181 | O2: =C2-500 -> -51
A3: 60 | B3: 334 | C3: 543 | D3: Didyma | E3: 35 | F3: Augmente la valeur defensive de toutes les unites de 2% | G3: Def | H3: 2% def all | I3: =VLOOKUP(F3,'Listing Effets'!$A$2:$D$101,2,FALSE) -> #REF! | J3: =VLOOKUP(F3,'Listing Effets'!$A$2:$D$101,3,FALSE) -> #REF! | K3: =ABS(SQRT((C3-500)^2+(B3-500)^2)-Calculs!$C$6) -> #REF! | L3: =CONCAT(CONCAT("[temple]",A3),"[/temple]") -> [temple]60[/temple] | M3: =IF(ABS(SQRT((C3-500)^2+(B3-500)^2))<Calculs!$C$7,"Inté",IF(K3>Calculs!$C$8,"Exté",IF(AND(N3<=0,O3<=0),"Nord-Ouest",IF(AND(N3<=0,O3>=0),"Sud-Ouest",IF(AND(N3>=0,O3<=0),"Nord-Est",IF(AND(N3>=0,O3>=0),"Sud-Est","Probleme")))))) -> #REF! | N3: =B3-500 -> -166 | O3: =C3-500 -> 43
A4: 66 | B4: 480 | C4: 678 | D4: Gournia | E4: 46 | F4: Augmente la valeur defensive de toutes les unites de 2% | G4: Def | H4: 2% def all | I4: =VLOOKUP(F4,'Listing Effets'!$A$2:$D$101,2,FALSE) -> #REF! | J4: =VLOOKUP(F4,'Listing Effets'!$A$2:$D$101,3,FALSE) -> #REF! | K4: =ABS(SQRT((C4-500)^2+(B4-500)^2)-Calculs!$C$6) -> #REF! | L4: =CONCAT(CONCAT("[temple]",A4),"[/temple]") -> [temple]66[/temple] | M4: =IF(ABS(SQRT((C4-500)^2+(B4-500)^2))<Calculs!$C$7,"Inté",IF(K4>Calculs!$C$8,"Exté",IF(AND(N4<=0,O4<=0),"Nord-Ouest",IF(AND(N4<=0,O4>=0),"Sud-Ouest",IF(AND(N4>=0,O4<=0),"Nord-Est",IF(AND(N4>=0,O4>=0),"Sud-Est","Probleme")))))) -> #REF! | N4: =B4-500 -> -20 | O4: =C4-500 -> 178
A5: 62 | B5: 680 | C5: 512 | D5: Pharsale | E5: 65 | F5: Augmente la valeur defensive de toutes les unites de 2% | G5: Def | H5: 2% def all | I5: =VLOOKUP(F5,'Listing Effets'!$A$2:$D$101,2,FALSE) -> #REF! | J5: =VLOOKUP(F5,'Listing Effets'!$A$2:$D$101,3,FALSE) -> #REF! | K5: =ABS(SQRT((C5-500)^2+(B5-500)^2)-Calculs!$C$6) -> #REF! | L5: =CONCAT(CONCAT("[temple]",A5),"[/temple]") -> [temple]62[/temple] | M5: =IF(ABS(SQRT((C5-500)^2+(B5-500)^2))<Calculs!$C$7,"Inté",IF(K5>Calculs!$C$8,"Exté",IF(AND(N5<=0,O5<=0),"Nord-Ouest",IF(AND(N5<=0,O5>=0),"Sud-Ouest",IF(AND(N5>=0,O5<=0),"Nord-Est",IF(AND(N5>=0,O5>=0),"Sud-Est","Probleme")))))) -> #REF! | N5: =B5-500 -> 180 | O5: =C5-500 -> 12
A6: 32 | B6: 367 | C6: 494 | D6: Helorus | E6: 34 | F6: Augmente la valeur defensive des Biremes de 8% | G6: Cag | H6: 8% bibi | I6: =VLOOKUP(F6,'Listing Effets'!$A$2:$D$101,2,FALSE) -> #REF! | J6: =VLOOKUP(F6,'Listing Effets'!$A$2:$D$101,3,FALSE) -> #REF! | K6: =ABS(SQRT((C6-500)^2+(B6-500)^2)-Calculs!$C$6) -> #REF! | L6: =CONCAT(CONCAT("[temple]",A6),"[/temple]") -> [temple]32[/temple] | M6: =IF(ABS(SQRT((C6-500)^2+(B6-500)^2))<Calculs!$C$7,"Inté",IF(K6>Calculs!$C$8,"Exté",IF(AND(N6<=0,O6<=0),"Nord-Ouest",IF(AND(N6<=0,O6>=0),"Sud-Ouest",IF(AND(N6>=0,O6<=0),"Nord-Est",IF(AND(N6>=0,O6>=0),"Sud-Est","Probleme")))))) -> #REF! | N6: =B6-500 -> -133 | O6: =C6-500 -> -6
A7: 9 | B7: 441 | C7: 483 | D7: Cnidus | E7: 44 | F7: Augmente la valeur defensive des Biremes de 8% | G7: Cag | H7: 8% bibi | I7: =VLOOKUP(F7,'Listing Effets'!$A$2:$D$101,2,FALSE) -> #REF! | J7: =VLOOKUP(F7,'Listing Effets'!$A$2:$D$101,3,FALSE) -> #REF! | K7: =ABS(SQRT((C7-500)^2+(B7-500)^2)-Calculs!$C$6) -> #REF! | L7: =CONCAT(CONCAT("[temple]",A7),"[/temple]") -> [temple]9[/temple] | M7: =IF(ABS(SQRT((C7-500)^2+(B7-500)^2))<Calculs!$C$7,"Inté",IF(K7>Calculs!$C$8,"Exté",IF(AND(N7<=0,O7<=0),"Nord-Ouest",IF(AND(N7<=0,O7>=0),"Sud-Ouest",IF(AND(N7>=0,O7<=0),"Nord-Est",IF(AND(N7>=0,O7>=0),"Sud-Est","Probleme")))))) -> #REF! | N7: =B7-500 -> -59 | O7: =C7-500 -> -17
A8: 108 | B8: 279 | C8: 572 | D8: Bassae | E8: 25 | F8: Augmente la valeur defensive des Archers de 15% | G8: Def | H8: 15% archer | I8: =VLOOKUP(F8,'Listing Effets'!$A$2:$D$101,2,FALSE) -> #REF! | J8: =VLOOKUP(F8,'Listing Effets'!$A$2:$D$101,3,FALSE) -> #REF! | K8: =ABS(SQRT((C8-500)^2+(B8-500)^2)-Calculs!$C$6) -> #REF! | L8: =CONCAT(CONCAT("[temple]",A8),"[/temple]") -> [temple]108[/temple] | M8: =IF(ABS(SQRT((C8-500)^2+(B8-500)^2))<Calculs!$C$7,"Inté",IF(K8>Calculs!$C$8,"Exté",IF(AND(N8<=0,O8<=0),"Nord-Ouest",IF(AND(N8<=0,O8>=0),"Sud-Ouest",IF(AND(N8>=0,O8<=0),"Nord-Est",IF(AND(N8>=0,O8>=0),"Sud-Est","Probleme")))))) -> #REF! | N8: =B8-500 -> -221 | O8: =C8-500 -> 72
A9: 14 | B9: 480 | C9: 570 | D9: Laus | E9: 45 | F9: Augmente la valeur defensive des Archers de 15% | G9: Def | H9: 15% archer | I9: =VLOOKUP(F9,'Listing Effets'!$A$2:$D$101,2,FALSE) -> #REF! | J9: =VLOOKUP(F9,'Listing Effets'!$A$2:$D$101,3,FALSE) -> #REF! | K9: =ABS(SQRT((C9-500)^2+(B9-500)^2)-Calculs!$C$6) -> #REF! | L9: =CONCAT(CONCAT("[temple]",A9),"[/temple]") -> [temple]14[/temple] | M9: =IF(ABS(SQRT((C9-500)^2+(B9-500)^2))<Calculs!$C$7,"Inté",IF(K9>Calculs!$C$8,"Exté",IF(AND(N9<=0,O9<=0),"Nord-Ouest",IF(AND(N9<=0,O9>=0),"Sud-Ouest",IF(AND(N9>=0,O9<=0),"Nord-Est",IF(AND(N9>=0,O9>=0),"Sud-Est","Probleme")))))) -> #REF! | N9: =B9-500 -> -20 | O9: =C9-500 -> 70
A10: 123 | B10: 537 | C10: 276 | D10: Akragas | E10: 52 | F10: Augmente la valeur defensive des Archers de 15% | G10: Def | H10: 15% archer | I10: =VLOOKUP(F10,'Listing Effets'!$A$2:$D$101,2,FALSE) -> #REF! | J10: =VLOOKUP(F10,'Listing Effets'!$A$2:$D$101,3,FALSE) -> #REF! | K10: =ABS(SQRT((C10-500)^2+(B10-500)^2)-Calculs!$C$6) -> #REF! | L10: =CONCAT(CONCAT("[temple]",A10),"[/temple]") -> [temple]123[/temple] | M10: =IF(ABS(SQRT((C10-500)^2+(B10-500)^2))<Calculs!$C$7,"Inté",IF(K10>Calculs!$C$8,"Exté",IF(AND(N10<=0,O10<=0),"Nord-Ouest",IF(AND(N10<=0,O10>=0),"Sud-Ouest",IF(AND(N10>=0,O10<=0),"Nord-Est",IF(AND(N10>=0,O10>=0),"Sud-Est","Probleme")))))) -> #REF! | N10: =B10-500 -> 37 | O10: =C10-500 -> -224
A11: 100 | B11: 631 | C11: 680 | D11: Amyclees | E11: 66 | F11: Augmente la valeur defensive des Archers de 15% | G11: Def | H11: 15% archer | I11: =VLOOKUP(F11,'Listing Effets'!$A$2:$D$101,2,FALSE) -> #REF! | J11: =VLOOKUP(F11,'Listing Effets'!$A$2:$D$101,3,FALSE) -> #REF! | K11: =ABS(SQRT((C11-500)^2+(B11-500)^2)-Calculs!$C$6) -> #REF! | L11: =CONCAT(CONCAT("[temple]",A11),"[/temple]") -> [temple]100[/temple] | M11: =IF(ABS(SQRT((C11-500)^2+(B11-500)^2))<Calculs!$C$7,"Inté",IF(K11>Calculs!$C$8,"Exté",IF(AND(N11<=0,O11<=0),"Nord-Ouest",IF(AND(N11<=0,O11>=0),"Sud-Ouest",IF(AND(N11>=0,O11<=0),"Nord-Est",IF(AND(N11>=0,O11>=0),"Sud-Est","Probleme")))))) -> #REF! | N11: =B11-500 -> 131 | O11: =C11-500 -> 180
A12: 84 | B12: 532 | C12: 307 | D12: Actium | E12: 53 | F12: Augmente la valeur defensive des Combattants a l'epee de 15% | G12: Def | H12: 15% CE | I12: =VLOOKUP(F12,'Listing Effets'!$A$2:$D$101,2,FALSE) -> #REF! | J12: =VLOOKUP(F12,'Listing Effets'!$A$2:$D$101,3,FALSE) -> #REF! | K12: =ABS(SQRT((C12-500)^2+(B12-500)^2)-Calculs!$C$6) -> #REF! | L12: =CONCAT(CONCAT("[temple]",A12),"[/temple]") -> [temple]84[/temple] | M12: =IF(ABS(SQRT((C12-500)^2+(B12-500)^2))<Calculs!$C$7,"Inté",IF(K12>Calculs!$C$8,"Exté",IF(AND(N12<=0,O12<=0),"Nord-Ouest",IF(AND(N12<=0,O12>=0),"Sud-Ouest",IF(AND(N12>=0,O12<=0),"Nord-Est",IF(AND(N12>=0,O12>=0),"Sud-Est","Probleme")))))) -> #REF! | N12: =B12-500 -> 32 | O12: =C12-500 -> -193
A13: 74 | B13: 637 | C13: 365 | D13: Iasos | E13: 63 | F13: Augmente la valeur defensive des Combattants a l'epee de 15% | G13: Def | H13: 15% CE | I13: =VLOOKUP(F13,'Listing Effets'!$A$2:$D$101,2,FALSE) -> #REF! | J13: =VLOOKUP(F13,'Listing Effets'!$A$2:$D$101,3,FALSE) -> #REF! | K13: =ABS(SQRT((C13-500)^2+(B13-500)^2)-Calculs!$C$6) -> #REF! | L13: =CONCAT(CONCAT("[temple]",A13),"[/temple]") -> [temple]74[/temple] | M13: =IF(ABS(SQRT((C13-500)^2+(B13-500)^2))<Calculs!$C$7,"Inté",IF(K13>Calculs!$C$8,"Exté",IF(AND(N13<=0,O13<=0),"Nord-Ouest",IF(AND(N13<=0,O13>=0),"Sud-Ouest",IF(AND(N13>=0,O13<=0),"Nord-Est",IF(AND(N13>=0,O13>=0),"Sud-Est","Probleme")))))) -> #REF! | N13: =B13-500 -> 137 | O13: =C13-500 -> -135
... A53: 99 | B53: 552 | C53: 707 | D53: Lessa | E53: 57 | F53: Reduit tous les couts de recrutement d'unites terrestres de 6% | G53: Prod | H53: 6% cout ter | I53: =VLOOKUP(F53,'Listing Effets'!$A$2:$D$101,2,FALSE) -> #REF! | J53: =VLOOKUP(F53,'Listing Effets'!$A$2:$D$101,3,FALSE) -> #REF! | K53: =ABS(SQRT((C53-500)^2+(B53-500)^2)-Calculs!$C$6) -> #REF! | L53: =CONCAT(CONCAT("[temple]",A53),"[/temple]") -> [temple]99[/temple] | M53: =IF(ABS(SQRT((C53-500)^2+(B53-500)^2))<Calculs!$C$7,"Inté",IF(K53>Calculs!$C$8,"Exté",IF(AND(N53<=0,O53<=0),"Nord-Ouest",IF(AND(N53<=0,O53>=0),"Sud-Ouest",IF(AND(N53>=0,O53<=0),"Nord-Est",IF(AND(N53>=0,O53>=0),"Sud-Est","Probleme")))))) -> #REF! | N53: =B53-500 -> 52 | O53: =C53-500 -> 207
A54: 82 | B54: 563 | C54: 684 | D54: Thebai | E54: 56 | F54: Augmente toutes les valeurs offensives des armes De jet de 8% | H54: 8% arme de jet | I54: =VLOOKUP(F54,'Listing Effets'!$A$2:$D$101,2,FALSE) -> #REF! | J54: =VLOOKUP(F54,'Listing Effets'!$A$2:$D$101,3,FALSE) -> #REF! | K54: =ABS(SQRT((C54-500)^2+(B54-500)^2)-Calculs!$C$6) -> #REF! | L54: =CONCAT(CONCAT("[temple]",A54),"[/temple]") -> [temple]82[/temple] | M54: =IF(ABS(SQRT((C54-500)^2+(B54-500)^2))<Calculs!$C$7,"Inté",IF(K54>Calculs!$C$8,"Exté",IF(AND(N54<=0,O54<=0),"Nord-Ouest",IF(AND(N54<=0,O54>=0),"Sud-Ouest",IF(AND(N54>=0,O54<=0),"Nord-Est",IF(AND(N54>=0,O54>=0),"Sud-Est","Probleme")))))) -> #REF! | N54: =B54-500 -> 63 | O54: =C54-500 -> 184
